breadcrumbs,name,brand,description,price,link
,Bottega Veneta,,, ,/int/en/men/bottega-veneta-haddock-intrecciato-suede-loafers-brown-p00988772
,John Lobb,,, ,/int/en/men/john-lobb-lopez-brushed-leather-penny-loafers-brown-p00954288
,Brunello Cucinelli,,, ,/int/en/men/brunello-cucinelli-leather-sneakers-white-p00956652
,Brunello Cucinelli,,, ,/int/en/men/brunello-cucinelli-leather-trimmed-knitted-sneakers-black-p00895776
,Gucci,,, ,/int/en/men/gucci-horsebit-suede-desert-boots-beige-p00943425
,Gucci,,, ,/int/en/men/gucci-horsebit-suede-desert-boots-brown-p00943424
,George Cleverley,,, ,/int/en/men/george-cleverley-taron-ii-suede-ankle-boots-brown-p00964653
,Loewe,,, ,/int/en/men/loewe-sierra-suede-combat-boots-brown-p00956071
,Auralee,,, ,/int/en/men/auralee-leather-loafers-black-p00944090
,Auralee,,, ,/int/en/men/auralee-suede-slippers-beige-p00944091
,Bottega Veneta,,, ,/int/en/men/bottega-veneta-astaire-leather-loafers-black-p00979678
,Bottega Veneta,,, ,/int/en/men/bottega-veneta-astaire-leather-loafers-brown-p00956601
,Gucci,,, ,/int/en/men/gucci-horsebit-suede-loafers-blue-p00943427
,Gucci,,, ,/int/en/men/gucci-horsebit-suede-loafers-brown-p00943426
,Zegna,,, ,/int/en/men/zegna-triple-stitchtm-suede-sneakers-white-p00734226
,Zegna,,, ,/int/en/men/zegna-triple-stitch-suede-sneakers-grey-p00656367
,Tod's,,, ,/int/en/men/tods-suede-loafers-brown-p00950300
,Tod's,,, ,/int/en/men/tods-suede-penny-loafers-brown-p00496265
,Moncler,,, ,/int/en/men/moncler-monclub-leather-sneakers-black-p00953950
,Moncler,,, ,/int/en/men/moncler-monclub-leather-sneakers-brown-p00953951
,Maison Margiela,,, ,/int/en/men/maison-margiela-replica-leather-and-suede-sneakers-black-p00443363
,Maison Margiela,,, ,/int/en/men/maison-margiela-replica-leather-and-suede-sneakers-white-p00443359
,John Lobb,,, ,/int/en/men/john-lobb-thorne-leather-loafers-black-p00892969
,John Lobb,,, ,/int/en/men/john-lobb-lopez-leather-loafers-black-p00471731
,Brunello Cucinelli,,, ,/int/en/men/brunello-cucinelli-suede-loafers-beige-p00817996
,Brunello Cucinelli,,, ,/int/en/men/brunello-cucinelli-suede-espadrilles-brown-p00932913
,Lanvin,,, ,/int/en/men/lanvin-spinto-polished-leather-loafers-black-p00943657
,Gianvito Rossi,,, ,/int/en/men/gianvito-rossi-julio-leather-loafers-black-p00945548
,Christian Louboutin,,, ,/int/en/men/christian-louboutin-astroloubi-denim-sneakers-blue-p00950317
,Christian Louboutin,,, ,/int/en/men/christian-louboutin-astroloubi-leather-sneakers-red-p00950314
,Amiri,,, ,/int/en/men/amiri-leopard-skel-top-low-leather-sneakers-multicoloured-p00960641
,Amiri,,, ,/int/en/men/amiri-leopard-skel-top-low-leather-sneakers-multicoloured-p00960640
,Valentino Garavani,,, ,/int/en/men/valentino-garavani-easyjog-vlogo-sneakers-white-p00939294
,Valentino Garavani,,, ,/int/en/men/valentino-garavani-rockrunner-sneakers-blue-p00626961
,Bottega Veneta,,, ,/int/en/men/bottega-veneta-orbit-sneakers-silver-p00979682
,Balenciaga,,, ,/int/en/men/balenciaga-runner-sneakers-multicoloured-p00636489
,Acne Studios,,, ,/int/en/men/acne-studios-leather-loafers-black-p00941995
,Common Projects,,, ,/int/en/men/common-projects-city-leather-loafers-black-p00951903
,George Cleverley,,, ,/int/en/men/george-cleverley-colony-croc-effect-leather-loafers-black-p00964652
,Loewe,,, ,/int/en/men/loewe-lago-shearling-lace-up-boots-brown-p00956068
,Loewe,,, ,/int/en/men/loewe-lago-shearling-ankle-boots-orange-p00956069
,The Row,,, ,/int/en/men/the-row-nobilis-leather-ankle-boots-black-p00946015
,Loewe,,, ,/int/en/men/loewe-campo-leather-biker-boots-brown-p00956062
,Lemaire,,, ,/int/en/men/lemaire-leather-slip-on-shoes-black-p00962951
,Lemaire,,, ,/int/en/men/lemaire-leather-slippers-black-p00962950
,Our Legacy,,, ,/int/en/men/our-legacy-camion-suede-clogs-beige-p00961759
,Birkenstock,,, ,/int/en/men/birkenstock-zurich-suede-mules-brown-p00990878
,Lemaire,,, ,/int/en/men/lemaire-leather-chelsea-boots-black-p00962902
,Our Legacy,,, ,/int/en/men/our-legacy-engine-leather-ankle-boots-black-p00961757
,Rick Owens,,, ,/int/en/men/rick-owens-leather-high-top-sneakers-black-p00952931
,DRKSHDW by Rick Owens,,, ,/int/en/men/drkshdw-by-rick-owens-mega-bumper-lunar-biker-boots-black-p00951926
,Moncler,,, ,/int/en/men/moncler-hevea-leather-chelsea-boots-black-p00953940
,Moncler,,, ,/int/en/men/moncler-hevea-city-leather-ankle-boots-brown-p00953939
,Brunello Cucinelli,,, ,/int/en/men/brunello-cucinelli-suede-hiking-boots-neutrals-p00956682
,Brunello Cucinelli,,, ,/int/en/men/brunello-cucinelli-nubuck-leather-hiking-boots-grey-p00956645
,Salomon,,, ,/int/en/men/salomon-xt-4-og-sneakers-black-p00776574
,Loewe,,, ,/int/en/men/loewe-x-on-cloudtilt-2-0-running-shoes-grey-p00941924
,On,,, ,/int/en/men/on-cloudtilt-sneakers-neutrals-p00960554
,New Balance,,, ,/int/en/men/new-balance-9060-suede-trimmed-sneakers-black-p00767168
,Lanvin,,, ,/int/en/men/lanvin-dbb1-leather-sneakers-brown-p00943625
